id,first_name,last_name,email,gender,ip_address
15,Jany,Benet,jbenet0@unc.edu,Female,93.179.61.110
2,Allister,Hannum,ahannum1@prlog.org,Genderfluid,80.93.14.162
3,Laurice,Minshall,lminshall2@ucoz.ru,Female,158.205.13.206
4,Harlene,Phipard-Shears,hphipardshears3@eventbrite.com,Female,46.194.115.62
5,Delmor,Drabble,ddrabble4@about.me,Male,64.9.149.99
6,Stefan,Gringley,sgringley5@blogspot.com,Male,140.20.246.174
7,Manuel,Dalgety,mdalgety6@wufoo.com,Genderfluid,36.218.62.75
8,Beale,Sheilds,bsheilds7@blogtalkradio.com,Male,94.4.176.121
9,Chandler,Kenneford,ckenneford8@cyberchimps.com,Male,240.198.5.185
10,Georges,Chester,gchester9@mashable.com,Male,143.78.43.33
11,Chandler,Kenneford,ckenneford8@cyberchimps.com,Male,240.198.5.185
12,Georges,Chester,gchester9@mashable.com,Male,143.78.43.33
